,Comments,Comment ID,Reply Count,Like Count,Updated At,Viewer Rating
0,You're lucky that u born in Sweden and also u started transition at a very early age but I'm the one who's unlucky who's 21 years old but haven't taken any step yet because of financial problems,UgzutqVVZqPDmbpMLEp4AaABAg,0,0,2022-04-27T13:19:53Z,none
1,You do what makes you happy,Ugx-ScZ3kZz4JXi12vd4AaABAg,0,0,2022-04-16T19:29:40Z,none
2,Omgggg I‚Äôm so happy for youuu‚ù§Ô∏è‚ù§Ô∏è‚ù§Ô∏è‚ù§Ô∏è,Ugy8hLbP2zgXHoMpKwx4AaABAg,0,0,2022-04-02T18:22:08Z,none
3,All of you who hate on her shows just how this world is going down it is 2023 and she is beautiful for being herself in every way possible and God may have made her a boy but know that she was a girl in heart and he will love her no matter what so stop trying to hate for you want be able to take back,UgyNtPIeNh-z8MRzBOx4AaABAg,0,0,2022-03-27T05:58:04Z,none
4,Thank you and Respect to you for being Honest. Dont Give Up!! WE Still Love You. I am Confident in what I like I Love Women and you were good lookin' since Birth. Stay Strong and Live Long and Prosper. Adopt!! There are plenty of Kids who need Loving Parents,UgzBhk1b5jmeSUDWZMF4AaABAg,0,0,2022-03-18T16:13:55Z,none
5,y and you are also a very pretty girl te mando un besito...,Ugwi22PGuRE8UkKM5NN4AaABAg,0,0,2022-03-08T17:04:12Z,none
6,"I see you as a girl
I don't have to ask you if you're trans saludos desde Bogota Colombia...espero me escribas.....",UgyLa7i2MScPfuibkF14AaABAg,0,0,2022-03-08T17:01:55Z,none
7,I think you are a pretty girl and if I was young. I would be chasing you. when I said nog judgement  you are just a beautiful girl.,Ugy46UMj1qoV9XFUBmR4AaABAg,0,0,2022-02-22T03:09:45Z,none
8,I am starting my transfer soon please I am going m to f too and scared,UgylkSimLGLyGS5d4KV4AaABAg,0,1,2022-02-08T04:26:08Z,none
9,no judgment . you to me are just a pretty girl that I would watch twist down the street.,UgzVgd1s9nh3L2tjyap4AaABAg,0,1,2022-01-05T00:28:47Z,none
10,"‚ù§Ô∏è I am 19 years old boy and I wish it I could actually be a girl then I would be really happy. But actually I am very frustrated and fearing to disclose to my parents about my feelings. Today only while surfing YouTube, this video popped up and really you helped me a lot Mam. I hope I also will be able to come up to my parents very soon to express my feelings. Love from India. ‚ù§Ô∏è
 I have some questions before I approach my parents, where can I send you those questions so that you may help me Mam ?",UgzANdu3BznU8dgoWrl4AaABAg,1,7,2021-11-02T14:15:29Z,none
11,your shouIders r huge,Ugzs5xb_N9G__IiGHll4AaABAg,0,0,2021-10-29T00:31:09Z,none
12,You're prettier than most biological girls. take pride in it.,Ugw_b1Hc794_ZDrDNlx4AaABAg,0,4,2021-10-25T08:21:05Z,none
13,This is the most beautiful video I've ever watched on youtube. Thank you!,Ugwvp8b7ZEl5KmRPWax4AaABAg,0,0,2021-10-16T00:24:03Z,none
14,Thank you for being visible. We need more trans girls like you for rolemodels,UgyNhnZfM3v7bLNHB_54AaABAg,0,3,2021-09-30T15:17:33Z,none
15,<3 for being you,UgzfgPFti7mlMzTF73l4AaABAg,0,1,2021-09-27T21:22:40Z,none
16,"If people don't like you as you are that's their problem,xxx",UgyvWcVP1mv6syPM-mF4AaABAg,0,0,2021-09-22T07:28:41Z,none
17,You have a very clean and big üíì heart .,UgzzbdnmaNL3IyL8bed4AaABAg,0,0,2021-09-03T17:51:03Z,none
18,Your very beautiful‚ù§,UgyJTz2jVPdVHjaBxv94AaABAg,0,0,2021-07-10T00:50:28Z,none
19,"Ehi cutie 'don't care about them, just look and pass away' we said in italy. You strong and pure",UgxkyxnOJ_gjPOv4Jph4AaABAg,0,0,2021-07-03T10:54:37Z,none
20,‚ù§Ô∏èüß°üíõüíöüíôüíú,UgwPOs5S1OkMD6DgAS54AaABAg,0,2,2021-06-11T04:30:22Z,none
21,You are right no judgement... you are beautiful,UgzYHPvZv4zglW8KPNJ4AaABAg,0,0,2021-06-06T21:24:56Z,none
22,"First Time Here!, U I‚Äôve A NewSubieü§ç",UgxIeH6kKyFrdzCz16J4AaABAg,0,0,2021-05-28T03:31:41Z,none
23,I am also a transperson.,Ugy8Fmz2Re-mzeyTDp94AaABAg,0,1,2021-05-07T17:09:43Z,none
24,Very sad and immoral üò•,UgwN-Nh2SA4VCfdzPvh4AaABAg,0,0,2021-05-01T22:52:29Z,none
25,Your so beautiful. Thank you for being honest,UgyNBnFd8YKDOsZRsOJ4AaABAg,0,0,2021-04-10T18:16:32Z,none
26,"Hi Mathilda, I started following you a few months ago and I just watched this video for the first and, wow, this was so genuine. It was obviously hard for you. Lots of emotions but it was perfect.",UgwzJJPVO4XRXv8nmgt4AaABAg,0,0,2021-03-11T20:01:44Z,none
27,You are beautiful,UgyybAj_KDsMYFrwLFV4AaABAg,0,0,2021-03-11T00:59:28Z,none
28,Are you single? ‚ù§‚ù§‚ù§,Ugxl1hEow10UceXxlp94AaABAg,0,1,2021-02-09T00:13:58Z,none
29,People should judge them self before they judge others around them. You are and will always be a beautiful woman ,Ugw0UQGX2soRzPzUTtp4AaABAg,0,0,2021-02-03T16:59:20Z,none
30,I LOVE and WORSHIP you,UgxwO5Wo3TTNktBb7vR4AaABAg,0,0,2021-01-26T05:11:06Z,none
31,"Form an older trans girl to a younger one, You're doing great, and you're worth it. Stay strong and always do what you can to help those that follow.",UgyEizvbFKtF0bSQYsJ4AaABAg,0,1,2020-12-13T17:39:50Z,none
32,You are a very BEAUTIFUL person. I would never leave you simply because you're transgender. You have a lovely heart. You are very easy to listen to. You are the type of person that I could sit with for hours and converse about any topic. You are so worth listening to.,UgwLOdK-kGGlujNCJEF4AaABAg,0,0,2020-11-13T23:17:27Z,none
33,"We love you Mathilda, wo love you for who you are ‚ù§Ô∏è",UgyTH3U-mojKcsvKBzF4AaABAg,0,0,2020-09-19T23:18:45Z,none
34,I think you‚Äôre beautiful üòç!!!,Ugx75N4wZ0G-UodCCeJ4AaABAg,0,0,2020-08-25T11:39:24Z,none
35,"??? Matilda, has Christian asked for your hand in marriage???  Give YouTube an update.   Take care",Ugy479Oul55-uiBzSGh4AaABAg,0,0,2020-08-21T23:04:48Z,none
36,"You‚Äôre a gorgeous, strong woman. That‚Äôs literally all that matters ‚ù§Ô∏è‚ù§Ô∏è",UgyWG2duQ8oGQOdJstB4AaABAg,0,2,2020-08-15T00:22:46Z,none
37,What else can I say. I think you're hot.,UgzPXtPMf_GX2uHvBEt4AaABAg,0,0,2020-08-14T12:44:26Z,none
38,Thank you üòòüòòüòò,UgzHdlUOAZ0KUS6BgVd4AaABAg,0,0,2020-08-13T18:05:46Z,none
39,Who cares you are sexy as hell what ever you are. I would be proud to have you on my arm.,UgyXg4q1FfioNWxjPRx4AaABAg,0,0,2020-08-01T12:04:47Z,none
40,Your videos are a huge inspiration and helping me bigtime with my own transition. Tack s√• mycket!! ‚ù§Ô∏è‚ù§Ô∏è‚ù§Ô∏è,Ugy-zYFw7fGf3awTNjp4AaABAg,0,0,2020-07-23T00:19:04Z,none
41,üò≠üò≠üò≠üò≠üò≠üò≠üò≠ I‚Äôll never get there.,UgzMtnWGyNCq4E5nZg14AaABAg,1,0,2020-07-22T16:51:55Z,none
42,You are more beautiful now than ever for coming out,UgyST3Rd2KBpKkV20Ht4AaABAg,0,0,2020-07-19T05:48:55Z,none
43,"beautiful attractive woman u fixed ,,WHAT MOTHER FUCKED UP.. LOVE YOUR COURAGE, LADY ,SO BEAUTIFUL",Ugwjdsmvjyqgpd4gjnN4AaABAg,0,0,2020-07-18T18:09:22Z,none
44,Wow! I would have never guessed.,UgwfmFjW_TE1M2VY67N4AaABAg,0,0,2020-07-12T16:32:32Z,none
45,"You are authentic. You are a kind, open, sincere woman.  That comes through clearly in your videos.",UgzlatPKOsAmXrXBT8x4AaABAg,0,1,2020-07-12T10:21:21Z,none
46,A very emotional video! I am so glad for that you are happy now and came out.,UgzA2C60w_qCdWd-czZ4AaABAg,0,0,2020-07-11T00:11:16Z,none
47,"I guess the fact that I'm a 61 year old man that considers himself conservative makes me an unlikely supporter. Nevertheless, I admire your courage to live a public life and I'd like to add that you strike me as a interesting and likable young woman. I hope that you continue to find happiness and support from your family, friends and supporters. As a side comment, I'm actually pretty amused that since I've watched a couple of your videos, the Youtube algorithm now thinks it should fill my suggested queue with other transgender channels. Good luck and be well.",UgyH8cnM2FuPdIhkLSN4AaABAg,0,14,2020-07-08T01:34:20Z,none
48,Are you transgender? :),UgxGwA7Bs6VVp2O5LbZ4AaABAg,3,0,2020-07-03T06:28:49Z,none
49,"Girl, you are amazing who you are no matter what. I'll support you if that helps :)",UgwxENw-gm26URVkZaF4AaABAg,0,0,2020-06-13T19:35:12Z,none
50,<3<3<3,UgxHrAvDZMnvZFRusNx4AaABAg,0,0,2020-06-11T20:36:26Z,none
51,you are soo kool...,Ugwp2BFY5tI7B8CaHlp4AaABAg,0,0,2020-06-04T11:39:06Z,none
52,"At least you have courage to be honest, unlike many such as politicians.",Ugz0aWkp5THOSh3qWkZ4AaABAg,0,0,2020-05-23T17:22:46Z,none
53,üòòüòò,UgzZ3SjbSLNm1EIMqlB4AaABAg,0,0,2020-05-06T04:30:42Z,none
54,"Thank you for this, you're videos and story have inspired me. You are beautiful and you're making the world a better place",UgxKfGMYmZjbZKYfRWN4AaABAg,0,1,2020-05-05T02:01:19Z,none
55,"We're not lying or being dishonest when we don't blurt out our secrets or details about our personal lives. We just choose to keep certain things to ourselves, and that's perfectly okay. It's also okay to tell everything you want, but we're never obligated to do so! By the way, if someone is hating on you or unsubscribing for something as cool as being transgender, they don't deserve your good company!",UgyGGsdj5AQGfKARos14AaABAg,0,16,2020-05-04T18:44:22Z,none
56,You are an amazing woman. Thank you. Please  be yourself. I hope you feel supported and appreciated,Ugxv2XWatJxbTN1FQTt4AaABAg,0,0,2020-05-03T22:10:46Z,none
57,"Hi Mathilda, I know this is an older video but I just discovered you on YouTube. I am a 37 y/o transgender female who has only come out to a few people and still present as male and I have to say you are a huge inspiration girl. I am in the very early stages of transition but the way you carry yourself and the amazing woman you are is inspiring to me. No one will ever know our struggle and very few people will accept and understand us but knowing that there are women like me out there who do understand what it‚Äôs like brings me an incredible sense of hope. You are loved you are amazing you are woman üíÅüèª‚Äç‚ôÄÔ∏èHugs girly",UgyEpvImYvsWy1R2VSt4AaABAg,0,7,2020-04-26T02:18:35Z,none
58,True inspiration to me!!! Keep pushing on!!!,UgzsFhgcoc-GlD_EUld4AaABAg,0,0,2020-04-20T18:01:07Z,none
59,"Not sure why Youtube started recommending your videos to me two days ago. Anyway, watched a bunch, and glad I did. :) You're strong and brave and I'm glad I found your videos.",UgwSBzwBjKz6RpD4-EV4AaABAg,1,16,2020-04-17T19:21:40Z,none
60,There is so much more that makes us who we are than gender and everyone feels apart or judged or different at times. Because we are. Different that is. Thank god.,UgxMyAe4Fr1CSMqvKy94AaABAg,0,0,2020-04-17T04:06:00Z,none
61,"You're adorable, proud of you for your bravery!",UgyFw2vk_r_IEDaWoQF4AaABAg,0,2,2020-04-15T22:06:29Z,none
62,You are GORGEOUS! <3,UgxTGEzbHnpekrX_3MN4AaABAg,0,0,2020-04-09T18:37:32Z,none
63,"You‚Äôre a beautiful girl! Just focus on how great it feels to be your true self. You‚Äôve inspired me, thank you!",UgzKeQLSQurXjTihkoZ4AaABAg,0,1,2020-04-09T01:18:33Z,none
64,Ur so beautiful girl üòçüòçüíï,UgzhT3e97k1uTGnsWBt4AaABAg,0,0,2020-03-30T17:00:37Z,none
65,Ok SIR,Ugy6fpQoCJtOTdARBMN4AaABAg,0,0,2020-03-27T20:23:37Z,none
66,"It's not a lie or being dishonest. You don't owe an explanation to anyone. Honestly, I find it sad that our society makes you feel like you owe people an explanation when you make a decision about your body. Congratulations.",UgwMawDWdZsmQSyDoyV4AaABAg,0,5,2020-03-27T06:36:36Z,none
67,"It's never a lie, it's to protect yourself. You never owe it to anyone to tell them this. Congrats on coming out, I know how hard it is and how it never really ends. You're a strong and beautiful woman <3",Ugw0fZ0b82cextYvVCd4AaABAg,0,75,2020-03-26T15:06:31Z,none
68,Yeah I‚Äôm a disappointment,Ugw_2QUZkUH4tAjeyk94AaABAg,0,0,2020-03-26T04:18:08Z,none
69,The most BEAUTIFUL WOMAN IN THE WORLD!!!,UgynRYdHbC941yG8NR54AaABAg,0,0,2020-03-26T00:43:47Z,none
70,We love you don‚Äôt worry üòò and i miss your intro hii guys its mathilda,Ugy9sGv2i5pbKF3ISjN4AaABAg,0,0,2020-03-25T14:24:18Z,none
71,You are amazing beautiful....love,UgwalF3Pvsd-LKKND8N4AaABAg,0,0,2020-03-24T14:57:01Z,none
72,You're beautiful. üòçüòçüòç,UgzogDa59FUHFPbseK54AaABAg,0,0,2020-03-22T08:56:16Z,none
73,"Love your strength, passion and courage most people are quick to criticize anyone that's different pay them no mind as hard as it may be. The same people that leave stupid comments will be the same people that will DM you asking to hook up! You are perfect just who God has meant you to be so keep being strong ok you have a wonderful spirit. I subscribed and look forward to seeing you shine!",Ugx4OPoqDrIpWkFMrFF4AaABAg,0,0,2020-03-19T18:33:19Z,none
74,"i think you are transtrender lol , be like ""passing make up tutorial"" ""he didn't know i was trans"" ""3 months HRT update i have a D cup"" kind of stuff",UgyTYG7YUgxCawraECB4AaABAg,0,0,2020-03-19T09:53:18Z,none
75,"Hey, you are loved and respected so much. Thank you for being so strong and showing that we can become who we feel we are.üíòüòç",UgxuHNhMGCXcqXk7_d14AaABAg,0,0,2020-03-19T04:11:13Z,none
76,"Thank you for coming out, Mathilda.  It takes courage, and it makes the world a better place.",UgwV0RE73kQu1WiRzu94AaABAg,0,35,2020-03-16T01:18:47Z,none
77,"OMG, I love your video, i am not the only one...*happy cries*",UgzJt-rQQjabnoPGlsR4AaABAg,0,1,2020-03-15T21:21:26Z,none
78,im crying rn idfk why but it might be because i relate to it,UgyiYlqFu_aqqpM_p3t4AaABAg,0,8,2020-03-14T02:12:39Z,none
79,You Are Beautiful.,UgwE388PtofCF-tCpep4AaABAg,0,1,2020-03-13T02:52:51Z,none
80,I'm transgender too. Mtf,UgzDymXbbYvXJTl6HhZ4AaABAg,0,0,2020-03-13T00:26:51Z,none
81,Your pretty Friend.üè≥Ô∏è‚Äçüåà,UgzIY0llfI1SYydd0sl4AaABAg,0,0,2020-03-13T00:26:37Z,none
82,congrats on coming out mathilda and i did the same at the 1st of the year around my 3 month hrt mark and i got way more support than i thought i would . if anyone has a problem with you being transgender let me know :) there is no shame you have my support .,UgxuGANtCOCXNRlNxsN4AaABAg,0,0,2020-03-09T08:34:03Z,none
83,You are lucky because you are so beautiful.,UgwWhJJ0dWzEDaBP7RB4AaABAg,0,0,2020-03-05T22:19:59Z,none
84,You're fucking gorgeous,UgxIAlBJMWczIiDC6lh4AaABAg,0,0,2020-03-04T10:01:09Z,none
85,Absolutely gorgeous ‚ù§Ô∏è Wonderful video,UgyF96RecuIPZTIaLLJ4AaABAg,0,0,2020-03-02T11:58:51Z,none
86,As pre trans myself how do you find the courage to change? You are very braveü•Ä,UgwGFFXGzIwmVJZNPu14AaABAg,0,1,2020-02-24T12:58:36Z,none
87,"Du √§r s√• fin, du √§r helt klart Matilda, en stor kram.",UgxGGK-NB1HVlyjlWhB4AaABAg,0,0,2020-02-23T13:27:53Z,none
88,God bless you Mathilda. God bless Transgenders they bring new life into this tired old world in their own right.,UgyBbMsMEiExhygJTjp4AaABAg,1,2,2020-02-22T15:31:50Z,none
89,ü§çü§ç,Ugw6fhoRVhsyK5mCoqJ4AaABAg,0,0,2020-02-20T20:51:30Z,none
90,"I'm totally what people would call a ""Man's man"" and I have no problems at all with you being transgender. Be happy, and tell the people who don't like it to fuck off. Who are they to judge you? Be you, and be happy.",UgzA9TqG4N4ugPy-1cR4AaABAg,0,1,2020-02-20T00:44:45Z,none
91,You're gorgeous,UgwVTl4ugm7GRP89vuF4AaABAg,0,1,2020-02-19T14:19:56Z,none
92,You are absolutely gorgeous. And i am new to your channel. ‚ô•Ô∏è,UgyzaqvsnUeJnlORm0R4AaABAg,0,0,2020-02-18T22:16:33Z,none
93,you forgot one thing... AND you 're beautiful,UgzCa0tX-WpntL1bka94AaABAg,0,1,2020-02-18T17:14:15Z,none
94,"You're lucky to be coming out as TS now, 10-20 yrs ago it was not very accepted. Of course there is still a lot of bigotry out there, esp in the Conservative/religious community, but thankfully many more people are accepting of it. It's something I badly wish I could do as well, I want to transition also (mtf), but if you read my post in the other video, you'll know I believe it's a big challenge for me, maybe impossible, esp since I don't want to come out as trans to friends/family. But I've thought about transitioning every single day for many years. Anyways good on you, you're living the dream.",Ugwvqir0TPk6_2RJBxt4AaABAg,0,0,2020-02-17T08:28:46Z,none
95,Hitta dig nyss!Avf√∂ljde inte dig av detta jag f√∂ljde dig,UgzxceF2s0YV3S-w1BJ4AaABAg,0,0,2020-02-15T18:29:51Z,none
96,Just discovered your channel and this video. I wish you the most happiness in your life. Being the person you‚Äôre meant to be is half the battle. Acceptance is the other half. Hoping those two halves come together is what I hope you achieve for yourself.,Ugwym2WCq88G8geCWZl4AaABAg,0,1,2020-02-14T22:09:55Z,none
97,No one actually cares.,Ugwf-LgFEhaoFYgkUjN4AaABAg,0,1,2020-02-14T12:23:18Z,none
98,beauty,UgxSDt3bwFAkzuFfX4h4AaABAg,0,0,2020-02-14T10:29:06Z,none
99,Just found this in my Recommendations. I have to be honest.. I clicked this video because of the nice woman on the thumbnail ...just to find out that you are wonderful woman!!,UgxCzfy8mPhehhOP-7V4AaABAg,0,6,2020-02-13T17:30:30Z,none
100,I DIDN'T unfoolow you because of this. I actually started follwing you because of this.,UgxOeOWEGQtV9f9bqNd4AaABAg,3,85,2020-02-12T21:46:19Z,none
101,Doesn't matter if you're born in the wrong body... You're a sweet and beautiful woman!,Ugw0glpDaO5u8v7D-vd4AaABAg,0,0,2020-02-12T18:23:20Z,none
102,"√Ñlskar dig, s√• himla starktüòç",UgxeR0TtR7KIZMdAFCJ4AaABAg,1,0,2020-02-12T17:16:03Z,none
103,just live your best life sweetie.,Ugwqjt_eTiIqLZH6CRJ4AaABAg,0,1,2020-02-12T02:03:22Z,none
104,"Very barev of you.
It's sad that you can't be yourself.  Every cell in your body indicates your true gender and shouts that you're a male.
Hope oneday you'll be freed from the pressure and will recognise your true gender.",Ugwli4l1auVVrT3soCd4AaABAg,1,0,2020-02-12T21:09:47Z,none
105,Lov u,UgxXYTITUUNl3mAHj9p4AaABAg,0,0,2020-02-11T01:52:36Z,none
106,"Just be like u are, üòç ur beautiful. I am a man and also thinking like you and u inspire me so thank you.. and I will support you ofcourse.",UgxIKjrGedsmha5dElR4AaABAg,0,0,2020-02-08T21:47:43Z,none
107,ü§Æ,UgyKAiSVTbob2bQAWCx4AaABAg,0,1,2020-02-08T12:52:03Z,none
108,Hi Matilda I just found your Channel and I fell in love with you right away you're very beautiful inside and out you don't have to hide Who You Are I just recently decided to make the plunge after 43 years of struggle with gender dysphoria 7 months in everything is going well not quite the beautiful woman I've known I was I figure I waited too long but I'm desperately trying to become a butterfly spread my wings and fly away you made me cry sweetheart I feel your pain sending you lots of love from the United States your trans sister Nicole xoxoxo,UgzvHYJhF9gqYtGESoJ4AaABAg,0,2,2020-02-08T10:19:12Z,none
109,I don‚Äôt know u but I‚Äôm truly happy for u üòä,UgyKMXziCE68QqJjViN4AaABAg,0,1,2020-02-05T15:45:53Z,none
110,"Beautiful Trans-Sister, you weren't lying and you didn't withhold. What you do is your own business!",Ugw2PMTmzc1pHuilndJ4AaABAg,0,1,2020-02-05T12:00:10Z,none
111,"I'm sorry that you had to live with the dysphoria, it's very hard to live with the constant hate of ourself, i hope the dysphoria had let you go away, and I'm glad you make your eyelashes look good the are a pain to tame and make them look good and to have one side the same of the other.",UgytF2HEId9AHica_YV4AaABAg,0,1,2020-02-02T07:01:49Z,none
112,Ieuwwü§Æ,Ugw9O0GFrJVECkZykrh4AaABAg,0,0,2020-01-31T08:24:00Z,none
113,"It takes a wealth of bravery to come out and let the world know of your true self. We all support you in your endeavors and will partake in this journey to greater horizons with you. You're an absolute beauty, both inside and out, and your radiance shine with utmost joy. Continue living life with bliss and none shall stand in your way!",UgzGDtIshxL5bzKQ7ZB4AaABAg,0,0,2020-01-29T22:47:07Z,none
114,Respect meid. Wat een prachtig mens. Groetjes en veel liefs een sis.,UgyKHWRD9Z_Fh60D78N4AaABAg,0,0,2020-01-29T20:45:51Z,none
115,You are a hot and adorable lady...xx,Ugz1pITH-aewj9FIP1J4AaABAg,0,0,2020-01-29T20:06:10Z,none
116,Naar mannetje bah !!,UgyXwPWYSOAvhsnQoFx4AaABAg,1,0,2020-01-28T23:20:36Z,none
117,You are a pretty girl!,Ugx9FT7Ns8XFvJymElJ4AaABAg,0,0,2020-01-23T23:29:47Z,none
118,"i'm really proud of u, i hope ur happy rn! lyyyyyy",Ugw0O7yB1qI8nxFYFO14AaABAg,0,0,2020-01-23T17:12:34Z,none
119,"sending love to you matilda, you are loved",UgyVzKWV7vvBFBCaKEh4AaABAg,0,0,2020-01-23T00:57:38Z,none
120,very beautiful!,UgyfHQJFsemLYD-OWMl4AaABAg,0,0,2020-01-22T21:25:22Z,none
121,Mathilda dear can u give birth to a child?,UgyBNX28oDJiV7sp0VF4AaABAg,1,0,2020-01-22T15:51:37Z,none
122,üíñüíñüíñ,UgxAuTVmQXAtnoSKo5V4AaABAg,0,0,2020-01-21T12:58:49Z,none
123,Bravo,UgzdQdmksiilzl-ly0d4AaABAg,0,0,2020-01-20T04:43:25Z,none
124,at what age did you come out,UgxaHR3PFolG7d16mX14AaABAg,0,0,2020-01-19T14:28:26Z,none
125,I thank transgender people are awesome üòé,Ugxau1fXYYgiHPR-WTx4AaABAg,0,0,2020-01-19T02:35:26Z,none
126,You r beautiful sweet and strong and be proud and keep up the great work and great video,UgznrDcOLvTsFYGejm54AaABAg,0,2,2020-01-19T02:32:49Z,none
127,You're beautiful,UgwFY159tInODBzqGr14AaABAg,0,0,2020-01-18T14:59:56Z,none
128,Jag b√∂rjar f√∂lja dig efter jag hittade detta klipp. Go girl!,UgwY9Q7ez4uuQC6T9ZR4AaABAg,0,0,2020-01-18T09:35:32Z,none
129,Try on haul üëôüëôüëôüëçüëçüòçüòçüòç,Ugw7r1-iF4vphC6Mtrd4AaABAg,0,0,2020-01-18T00:37:50Z,none
130,üëåüëåüëåüëåüëåüëåüëåüëåüëçüëçüëçüëçüëçüëçüëçüëçüëçüíñüíñüíñüíñüíñüíñüíñüíñ‚ù§‚ù§‚ù§‚ù§‚ù§‚ù§‚ù§‚ù§‚ù§üíãüíãüíãüíãüíãüíãüíãüíãüíòüíòüíòüíòüíòüíòüíòüíòüíò,Ugzgo57feNx2Bm9URAR4AaABAg,0,0,2020-01-15T09:15:27Z,none
131,proud of yourself,UgyRF-VC0_TtLaDUM6h4AaABAg,0,0,2020-01-15T03:57:19Z,none
132,"I don't see an adam apple . But IF you a Mr winkie, STOP playing around and take pride in what GOD gave you. Ok upon watching again I see it in your throat . Prove that GOD doesn't exist and post what you find. CHALLENGE ACCEPTED?",Ugy8jMCSUVBy4PwRFZd4AaABAg,19,0,2020-01-14T18:44:44Z,none
133,You're very attractive and ooze appeal,UgxPoqcelxD1tN44uk94AaABAg,0,0,2020-01-14T03:59:02Z,none
134,üëÄ,Ugw0c0U6nTbcAg-gUXB4AaABAg,0,0,2020-01-13T22:03:05Z,none
135,"I'm straight , but there is something about a transgender woman that draws me in. Beautiful and gorgeous that you are , all of you pretty ladies i love all of you. ‚ù§ ‚ù§ ‚ù§ ‚ù§ ‚ù§ ‚ù§ üíò",UgwtggwpUQhqo83GlDB4AaABAg,1,0,2020-01-13T00:13:11Z,none
136,"You're so beautiful babe, stay strong and love who you are! üëç",UgwQ2YkTqq7OuEvx8SB4AaABAg,0,0,2020-01-12T16:06:40Z,none
137,"Transr√§ttigheter √§r m√§nskliga r√§ttigheter! ‚ù§Ô∏è

Trans rights are human rights! ‚ù§Ô∏è",Ugxoy-Kb0KHarapEXvl4AaABAg,0,4,2020-01-11T23:14:26Z,none
138,You are a beautiful transgender woman,UgxSOnth4gnTtw1CBut4AaABAg,0,1,2020-01-11T15:33:45Z,none
139,Looks like you do super for yourself and in your appearance.. Plus for under 500 subs you got excellent viewership performance.,Ugxttiu6aHF7nKfCyzx4AaABAg,0,2,2020-01-10T21:00:51Z,none
140,You are a beautiful woman Mathilda!‚ù§Ô∏èü•∫ I love you and you are so so pretty in- an outside!,UgwWjCYG1XU3arx70314AaABAg,0,0,2020-01-10T18:17:04Z,none
141,"2 sexes only! Male or female.  This bullshit has gone waaaaay too far. I'm sorry,  but this is no accomplishment.  All of you need to settle down and stop crying for help and attention.",Ugx-WNM98jJNyahHoAR4AaABAg,1,0,2020-01-10T14:49:41Z,none
142,Do you use Hypnosis Pornography?,UgzZaSz_m1_l6YZKu7B4AaABAg,0,0,2020-01-10T12:29:47Z,none
143,Greetings from Iceland,UgyskOAXsQe5xPSi3CR4AaABAg,0,0,2020-01-10T07:25:48Z,none
144,"Wooow! Vilken j√§dra f√∂rebild!! Jag v√§ljer att b√∂rja f√∂lja dig h√§r och nu, utan tvekan!! Grymma du!! Heja heja‚ù§Ô∏è",UgwbhuTvpD8VjfRgfPd4AaABAg,0,0,2020-01-09T21:39:51Z,none
145,"So proud of you Mathilda!  I think is  important that we own our truth.  This can only bring positive things to the trans community, the wider world at large and especially to yourself.  Looking forward to hearing more of your experience of self discovery and coming to grips with this truth as a youth and beyond. Be good to yourself sis. All my best; Justina.",Ugz64mBayN_qpNU7tT54AaABAg,0,0,2020-01-09T05:46:16Z,none
146,"The best thing about being transgender is being proud of yourself. The next best thing about being transgender is telling people and feeling okay about that.  100% in support, we all breathe the same air !",Ugxh1WO4niczgmk93_d4AaABAg,2,5,2020-01-08T21:30:40Z,none
147,Can i make a video request could you talk about what you think of lgbtq characters being put into marvel and movies etc. In fact if you feel at times it is being done in the wrong way. Perhaps we can do a video together. For example in shows and mivies it may not suit or suit the lore.,UgxljiTmdTHFeD6HD894AaABAg,0,3,2020-01-08T15:59:54Z,none
148,There is nothing wrong with being a transgender. The only time i have an issue is when people use their sexuality as a victim card. So if you never do that then their is no problem with it. I wish you all the best. üòä,UgxcNSVg5hGrp72ejwV4AaABAg,14,11,2020-01-08T15:56:39Z,none
149,You're beautiful,UgwC_mFq_Y08wjTmQJx4AaABAg,0,0,2020-01-08T05:12:55Z,none
150,‚ù§Ô∏è,UgxTc22BLMj9fDnTWxJ4AaABAg,0,0,2020-01-08T05:03:50Z,none
151,There is no such thing transgender.,UgyQCS4wIZXME5IDTYt4AaABAg,1,1,2020-01-08T02:45:33Z,none
152,"Focus only on the good, not the negative. You are not responsible for what anyone else feels. ‚ù§Ô∏è All you can do is be yourself and spread love. Don't expect hate og leavers. Expect that people are good and loving, and that's what you will see more of. You are you no matter what! One love! :)",UgxAKN3FdF3nZLi0KsV4AaABAg,0,1,2020-01-07T23:22:21Z,none
153,‚ù§‚ù§‚ù§,UgwMnMhUhbLswrTOJZ94AaABAg,0,1,2020-01-07T19:18:09Z,none
154,Just beautiful! And brave ü¶∏‚Äç‚ôÄÔ∏è! üíúüíôüíöüíõüß°‚ù§Ô∏è,UgwDYXkezgpRfEVX7n94AaABAg,0,2,2020-01-07T15:10:33Z,none
155,Shared on facebook :),UgzV5sUIEmP1nhpWt7d4AaABAg,0,2,2020-01-07T11:20:08Z,none
156,"Du √§r j√§ttefin. √Ñr lite nyfiken, har du √§ldre br√∂der? Teorin om en immunreaktion i modern verkar ju bli mer bekr√§ftad f√∂r var dag som g√•r.",UgyuYFZyn3oRqe8mIj54AaABAg,1,0,2020-01-07T09:23:18Z,none
157,"Matthew 6:33 King James Version (KJV)
33 But seek ye first the kingdom of God, and his righteousness; and all these things shall be added unto you.",Ugxsp5i8oPvnIfRt6GF4AaABAg,1,1,2020-01-07T08:12:42Z,none
158,"Du √§r s√• cool üòÅ
√Ñr sjukt imponerad av dig.
Stay strong and proud!",UgyNLQXjoceJEw47ZSp4AaABAg,0,1,2020-01-07T07:11:41Z,none
159,Du √§r stark! Inspiration f√∂r andra transpersoner.,UgyHD6OpD_8TGdtq5AB4AaABAg,0,1,2020-01-07T00:41:22Z,none
160,"Congratulations on coming out, Mathilda.  If anyone has a problem with you being transgender they are not worth having as friends or followers.  Anyway, you've certainly gained a subscription from me. Sending you all my best wishes. x",UgyIq9lwPbZYntwGuJl4AaABAg,2,102,2020-01-06T22:19:27Z,none
161,<3 <3 <3,Ugyi4ofUyilFSqcgN6R4AaABAg,0,0,2020-01-06T20:36:11Z,none
162,"Those who unfollow you after seeing this video, are the ones who'll loose on it. You're awesome! ‚ù§Ô∏è",UgxDO-VLL3Jg_yqdJ354AaABAg,0,0,2020-01-06T19:33:26Z,none
163,All cred till dig Mathilda. ‚ù§Ô∏è S√§nder all k√§rlek jag kan till dig!,Ugwd_wGeJrLw9lEKSqR4AaABAg,0,0,2020-01-06T19:33:20Z,none
164,"S√• stolt, min fina √§lskling ‚ù§Ô∏è",UgyXPzlUqixuxrRf7kF4AaABAg,0,7,2020-01-06T19:15:02Z,none
165,Inspirational ‚ù§Ô∏è,UgzGsR6HvjVFPVHm18l4AaABAg,1,6,2020-01-06T19:00:42Z,none
166,So is your boyfriend gay? No hate. I just wonder. Love your videos,Ugy9uVQhwX1z2pswIzJ4AaABAg,1,2,2020-01-06T16:55:09Z,none
167,‚ù§Ô∏è‚ù§Ô∏è‚ù§Ô∏è‚ù§Ô∏è‚ù§Ô∏è,UgzTF5MfkxB2KM80_UF4AaABAg,0,3,2020-01-06T16:34:09Z,none
168,"I don't normally interact, i just silently double tap your beautiful compositions and colors. but this time the way you feel people think of you and the way i as a follower think of you are so entirely different that i need to speak up. You are one of the most beautiful women on my following list. But you also have a way with color, with photography, with editing... not just a beautiful face but a beautiful mind which creates magic wherever she goes. A mind which produces images that i save and seriously analyze to understand how they look so pleasant. A mind which inspires me. When i was listening to you in the above video, sweety i thought it makes sense in a way. What i mean is that your mind creates harmony and beauty in everything it touches. It makes sense because your appearance is created by that very same beautiful mind. This is why you are so beautiful. Your looks and your accomplishments are not a random jackpot. You are your own design. And you inspire thousands to imagine just like you do. You use your image, your creation on ig to open the door to the cosmos of your beautiful mind. Part of the world is ugly, the part that makes you cry. Because oh honey, the other part sees you with your mind's eye, exactly the way you recreated yourself, not purely as a woman, not as a man, not as a transgender individual. To me you are an exceptional mind, a talent, an eye for beauty. Don't let that ugly part of the world drown our admiring voices üíï",UgxTAgd9sXmtWuZsWgt4AaABAg,1,27,2020-01-06T15:34:54Z,none
169,You are pretty and beautiful the way you are ‚ù§‚ù§stay blessed.,Ugy3DHyEIK8QjuGHr7d4AaABAg,0,10,2020-01-06T15:33:23Z,none
170,You are so strong and I‚Äôm so so proud of you‚ù§Ô∏è you are so strong. You‚Äôr so beautiful and you always are‚ù§Ô∏è‚ù§Ô∏è,Ugw7PvO-Q1gK5oEaBA14AaABAg,0,6,2020-01-06T15:26:45Z,none
171,Still as beautifulüòç‚ù§Ô∏è,UgxJWR0uovCmJlzQkh94AaABAg,0,5,2020-01-06T15:20:31Z,none
172,You're so prettyüòöüòöüòödon't worryü§ówe'll be with uüòòAlways‚ù§‚ù§‚ù§,UgwfYq4ldAwmZ2ZzXwB4AaABAg,0,6,2020-01-06T14:50:54Z,none
173,Stay strong beautiful üíõ You are most beautiful as the way you are and as precious as others!üíõ Sending alot of love and hugs ‚ù§Ô∏è,UgwzOTT5SsmpWBRyEPJ4AaABAg,0,8,2020-01-06T14:50:46Z,none
174,üôåüèªüôåüèª‚ù§Ô∏è,Ugz5F4Qii9po4cLjwwZ4AaABAg,0,3,2020-01-06T14:39:08Z,none
175,‚ù§üíôüíöüíõüíúüíìüíïüíñ,Ugyki3yfUA5KCnE3_T14AaABAg,0,3,2020-01-06T14:27:43Z,none
176,You are so strong gurll. You are perfect‚ù§Ô∏è‚ù§Ô∏è,UgzSX4Fmc0WxiyEckJV4AaABAg,1,20,2020-01-06T14:22:09Z,none
177,Your still a perfekt person ‚ù§Ô∏è im so proud of you !,UgySaxspt2kq1Jk0zqF4AaABAg,0,21,2020-01-06T14:18:51Z,none
